half,4
childn,2
abrupt,1
hall,1
salary,2
gular,1
blameworthy,1
roil,2
pick,1
viojxx,1
tel,2
ten,1
pics,2
energy,2
!,57
",14
#,12
cdc,1
$,30
%,39
swenson,1
&,8
',51
(,31
),36
investment,3
ibuprofen,1
*,12
+,13
-,65
click,18
.,91
/,47
cdo,1
0,20
1,25
2,27
3,40
travelogue,1
cds,1
4,19
5,17
6,11
7,13
8,13
9,8
:,72
<,1
saje,1
=,18
agrimony,1
>,7
cea,1
?,42
@,31
czechoslovakia,1
telling,2
flit,1
hank,1
cek,1
1000,3
turn,4
blond,1
neckline,1
colspan,3
gold,1
ces,1
golf,1
offprint,1
ti',1
watts,1
same,6
botanic,1
synergism,1
commission,2
[,11
after,4
\,7
],11
^,5
connect,1
_,18
hand,3
`,15
a,61
contractual,1
b,13
lunchtime,1
c,22
d,13
deuterate,1
e,21
f,9
g,12
h,6
i,28
j,5
k,7
l,15
eating,3
cfp,1
m,24
blood,4
n,17
o,19
cusmer,3
the,62
p,24
q,2
r,19
ahappy,1
sale,5
s,41
t,29
u,15
v,14
w,6
exciting,2
x,18
y,4
z,7
information,17
{,3
|,9
},2
~,8
keywords,1
fissuemphases,1
pvious,4
dolas,1
good,9
tia,1
counterpoint,1
tid,4
beatific,1
gong,1
2345,1
afound,1
zalzropqrg,1
serious,3
aficionado,1
laugh,1
neuropathology,1
tiv,1
estselling,1
delivering,1
handwrite,1
fantasy,1
sans,3
sueed,3
equivilent,1
gone,1
1028,1
zmdya,1
implohusn,1
aside,1
xania,1
gorgeous,1
chaplaincy,1
apphensive,2
georgewn,1
grueling,1
cia,7
gards,8
158545,1
enjoined,2
provided,3
dqahs,1
strongfont,3
cit,1
m?nchen,1
heget,2
ch?rge,1
viaara,1
condemnary,1
motive,1
provider,2
patrick,1
hard,2
schuster,1
caliber,1
rood,1
multiple,2
befooffer,2
better,6
s?me,1
tlm,1
expss,1
cancer,1
atypic,1
impeach,1
artistry,1
pterodactyl,1
catalog,1
anax,1
prohibits,1
pill,5
mathematik,1
orded,1
curium,1
flontine,1
mejos,1
contactarlos,1
flow,3
promotional,1
order,19
carrion,1
cli,1
gaines,1
indelible,1
cls,2
sweepstake,1
angular,1
inmail,2
administrate,1
ctgk,1
tnt,1
xbqxe,1
udufiwzhy,1
women,4
faxes,1
woman,1
save,9
tanaka,1
protection,2
pinn,1
dflf,3
epislary,1
rosy,1
ladle,1
have,36
mb?en,1
avail,1
ance,1
equilibria,1
cnn,1
question,2
drugs,9
suess,2
spirit,1
pimp,1
poesy,1
fundraise,1
ambrosia,1
rose,1
thousand,1
cok,1
com,24
col,3
con,4
embraceable,1
alden,1
coy,1
madman,1
bridgehead,1
alder,1
scrolls,1
ruhftf,1
tra,4
including,2
timed,2
handicraftsman,1
introducing,1
pardon,1
andw,1
christmas,1
200,2
markets,1
beowulf,1
obligation,3
violation,1
imageady,1
206,1
viagrar,1
try,3
208,1
scription,1
plenum,1
cobblesne,1
cql,1
expis,2
chicken,1
olwhmqp,1
mailman,1
avocation,1
unclaimed,1
purityandthis,1
yqllzclfa,1
draftsman,1
scenery,1
effective,2
times,3
213,1
haze,1
muscle,1
flux,3
becalm,1
pnbsp,3
says,1
contiguity,1
printers,1
hays,1
flub,1
crt,1
aaepted,1
siacgl,1
wenearly,1
220,1
qvpvbbqc,1
uyaa,1
223,1
fatten,1
splits,1
tue,3
distriburs,1
concern,1
catherwood,1
beautiful,3
233,3
worked,1
cavemen,1
notation,1
pith,1
diluent,1
state,5
defined,1
element,2
pmiums,1
handicraftsmen,1
environmental,1
pisl,1
babylonian,1
opposite,1
demokris,2
240,1
cub,1
cud,1
offering,3
cus,3
cut,2
valiuvm,1
two,6
250,2
moment,2
259,1
fangled,1
kitchen,1
ankle,1
think,6
participate,1
pius,1
st?te,1
services,4
marketing,4
dosbcsr,1
pcious,2
pscr?pt?on,1
loincloth,1
purple,1
thing,2
ordinal,1
paunch,1
basilar,1
caucasian,1
2225622358488711,1
anne,1
aapproved,1
nlkkzq,1
fiori,1
ieee,1
273,1
domestic,1
infirmary,1
paying,2
gjpkqpspasc,1
shiglow,1
stability,1
sheepskin,1
tech,1
actual,3
glass,2
homebuilder,1
eastern,1
ultimate,1
egejlw,1
dunce,1
281,1
cyc,1
technologies,2
frailty,1
secucode,2
assume,1
memory,1
?ppet?te,1
concept,1
cognfiden,1
house,3
295,1
299,1
cumulus,1
bellow,1
sachem,1
agnostic,1
ellipsoidal,1
clamont,1
engnieer,1
anon,1
hours,4
yttw,1
start,6
libraries,1
moniring,2
dcenternbsp,3
cursive,1
yopur,1
bicker,1
lifestyle,1
tvhrptrdrolk,1
anow,1
short,4
befuddle,2
finance,5
anot,5
mcdougall,1
ninety,1
ankaf,1
cornelia,1
anywhe!,1
extant,1
wolrk,1
mormztgage,1
crumpled,1
karate,1
golden,2
savings,4
enter,3
satisf,1
quadrant,1
anathema,1
goodman,1
dater,1
priority,1
thyroidal,1
inlet,1
desiand,1
monnell,1
coast,1
diietingeat,1
addison,1
aceiving,1
rxcmo,1
leased,1
submitting,1
futupromotions,1
unknown,5
anti,1
dolos,1
leases,1
foursquabland,1
xanax,3
consult,1
motionless,1
uas,1
pictusnos,1
rnnate,1
epidermic,1
uba,1
cornucopia,1
orgyasmic,1
bcyrkmtavzp,1
bucknell,1
newsgroups,1
compact,2
speedy,1
nitrous,1
tell,2
d?scet,1
medusa,1
italic,1
dan,1
dam,1
bloop,1
daughters,1
shows,1
dar,3
shown,1
broglie,3
das,1
exhort,1
showy,1
uch,1
signatu-,3
day,22
housework,1
island,1
format,2
guardia,1
anchorage,1
cusmary,1
fidget,1
loudspeaker,1
pyrimidine,1
entertain,1
channeled,1
aamazing,1
archibald,1
bernie,2
built,1
therapy,1
chromosome,1
heavily,1
2416,1
ufc,1
third,4
build,5
further,7
shedir,1
methodology,1
powerhouse,1
oberlin,2
del,1
viewing,1
meier,1
ugh,2
jiffy,2
announcement,1
apparition,1
adiness,1
servitude,1
going,3
banks,1
theopilius,1
shock,1
impact,2
pancake,1
versible,1
asher,1
shylock,1
qnsehayg,1
average,2
podia,1
unchristian,1
bodies,1
cordage,1
housebroken,1
investments,3
1116,1
journal,1
weighty,1
unlike,1
term,1
91306,1
deadline,1
uit,2
moneyjudgments,1
lated,1
business,11
cesium,1
foote,1
conspirar,1
softwawith,1
nifblgqrh,1
staff,2
right,10
possible,2
shoes,1
litral,1
fossiliferous,1
countervail,1
krakow,1
adminscript,1
grumble,1
aeschylus,1
complicated,1
exactamente,1
under,2
dia,3
quartet,1
comp?ny,1
did,5
finch,1
die,2
bulgaria,1
din,2
dip,1
emory,1
anachronistic,1
dis,2
div,3
impudent,1
impaid,1
later,1
jamison,1
armadillo,1
fruition,1
forgotten,1
dispensing,1
humphy,1
highway,1
sholine,1
chemisorption,1
conrail,1
evenhanded,1
angeles,1
quests,1
finally,2
depssant,1
frictional,1
brown,1
diversify,1
graph,1
hideous,1
lolly,1
schlumberger,1
final,1
inoculate,1
cancellate,1
loan,2
carolingian,1
back,9
apposite,1
cohort,1
training,2
beisf,1
states,6
diion,1
load,2
dla,3
company,9
deneb,1
thomas,2
dle,3
aerodynamic,1
alcoa,1
length,2
una,1
concerns,1
babe,1
gfont,3
schedule,1
insurgent,1
kodachrome,1
palfy,1
baby,1
fiendish,1
qualified,3
newsletter,3
hohound,1
coliform,1
construct,1
attempt,1
thick,2
rivalry,1
elliott,1
emendable,1
balance,1
conjugacy,1
brandeis,1
softwawill,1
text,5
latin,1
ruminant,1
kbrlwjbxdqz,1
made,6
dns,1
ampersand,1
upf,1
compagrunt,1
being,6
dynamo,1
lecturabin,1
alcott,1
birthplace,1
calmer,1
9902,1
doc,4
ups,1
dog,1
status,1
trading,1
schizophnia,1
elsinoclient,1
don,12
dos,2
unpopulardetract,1
aranteed,1
ellis,1
loeb,1
government,2
known,6
joshua,1
brim,1
dwarf,1
stand,1
cdit,6
forward,3
9930,1
b?ck,1
podra,1
url,1
erosible,1
dearie,1
vfcqpolfyr,1
300,4
earthmoving,1
301,2
entities,1
embargoes,1
incest,1
usa,4
mail,18
bait,1
use,10
usd,1
main,1
donovan,2
bail,1
liked,2
310,1
usp,1
314,1
polysaharide,1
continuous,1
sapling,1
bilingual,1
logl,1
drm,1
alter,1
combine,1
waste,4
cheerfully,1
deerstalker,1
coordinar,1
eecgyvu,1
odiulhwkecogdppkxhiu,1
includes,1
cyanide,1
curnt,6
compass,1
lolxwgdwmlded,1
quartic,1
commended,2
ball,1
bali,1
mofor,5
hemosiderin,1
gularly,1
gr?de,1
hither,1
dkjitutvwg,1
ishza,1
transformed,1
make,9
included,3
fulfil,1
cipients,1
assisting,1
opposed,1
intensity,1
due,2
properties,1
00,13
copybook,1
dur,1
01,1
02,3
unsafktisfised,1
05,1
dearth,2
08,4
bank,3
meaning,2
bang,1
aadvised,1
bane,1
band,1
phosphoric,1
10,16
erskine,1
11,5
12,6
13,3
14,2
15,7
august,1
16,3
sfcubldux,1
17,2
hamster,1
18,2
fluent,2
execute,1
benefit,1
celerity,1
mainder,1
watermarking,1
unique,2
20,11
21,5
22,1
23,2
bzhnitg,1
24,3
25,3
26,2
27,3
28,2
29,6
experiments,1
scan,1
industry,3
examines,1
371,1
cute,2
long,5
375,1
examined,1
30,10
bndan,1
lieves,3
33,1
34,2
cusp,1
35,1
rockawayspancakes,1
36,2
xana,2
westuck,1
37,1
stas,1
mann,1
checklist,1
drilling,1
many,14
8681,1
stay,2
controlled,2
385,1
loll,1
listinfo,1
stad,1
extensive,1
sistant,1
fintd,1
mane,1
40,6
41,1
43,4
mamma,1
45,3
iffy,1
agent,1
lasts,3
protects,1
entrant,1
47,1
starving,1
48,5
militia,1
49,1
cufflink,1
numbers,1
landhold,1
proczac,1
undulation,1
explothese,1
hinterland,1
nominate,1
barr,1
commmm,1
imperil,1
barn,1
wssvrrpigkijwkztzh,1
bark,1
barl,1
50,9
52,3
53,1
55,4
surprise,2
admitted,1
000000,3
cautioned,1
complaints,1
wont,1
bridget,1
vioxx,1
look,2
coquina,1
companionway,1
dense,1
immutable,1
terramail,1
60,4
ayours,1
63,1
65,1
bethesda,1
68,1
knock,1
distillery,1
needed,5
mass,2
swordplay,1
aord,1
admit,1
common,4
themselves,1
finny,2
70,7
cultivable,1
72,3
75,2
bate,1
admix,1
viagrha,1
79,2
apply,3
mary,3
separated,2
atavistic,1
pexnis,1
lucian,1
phentermine,2
80,5
81,1
formula,1
step,2
sidents,2
85,1
86,1
mark,1
base,1
diamagnetic,2
89,3
itinerary,1
escriba,1
loss,5
gravesne,1
lost,2
auckland,1
90,1
asundercompliment,1
92,2
93,1
94,1
95,3
96,2
incompletion,1
98,4
99,3
val,1
nestt,1
aost,1
work,12
dizzy,1
matt,1
lose,5
pntermin,3
indict,2
metallurgist,1
convince,1
fitzroy,1
math,1
suppjlement,1
word,2
stated,2
mannerism,1
love,5
gender,1
hefor,5
castanet,2
thaten,1
mortgage,6
ean,1
illumine,1
ear,1
verify,1
covalent,1
explosions,1
europe,1
arlene,1
aour,2
opinion,2
lots,2
operateout,1
svrcqwyrslqfsn,1
sarcophagus,1
fingertip,1
itderz,1
scky,1
libelous,1
scks,2
basketball,1
2500,1
ved,1
ect,2
chicanery,1
html,14
domesday,1
exploration,1
koala,1
midoloxyb,1
concerts,1
elmsford,1
eds,1
bastwork,1
edu,1
pathogen,1
edy,1
snowmobile,1
commence,1
conseil,1
ionam,4
jackson,1
spend,1
extinct,1
peggy,1
proxob,1
integument,1
econometric,1
merrymake,1
instead,1
poder,1
seckonds,1
1200,2
anticipate,1
empiric,2
hxthznnnl,1
siktaflow,2
seduce,1
laborary,1
habitat,1
optimal,1
mayhem,1
year,6
fucks,1
saxophone,1
yeah,1
via,6
?n,1
vic,1
?s,1
unsubscribe,5
visual,1
dftph,1
aordant,1
emasculate,1
cummings,1
vir,6
victims,1
jive,1
vit,1
vis,1
alimate,1
ceal,1
uitr,3
pavanne,1
czerniak,1
version,5
planning,1
pancakesvulsion,1
pyrometer,1
gatly,1
exhale,1
appropriate,1
ofdydeep,1
financier,1
rodgers,1
versing,1
denebola,1
least,5
immediately,2
archiving,1
subsequently,1
bemadden,1
shait,1
variations,1
alistic,1
computers,3
shaholder,1
learn,4
aumatically,1
intrusion,1
ericsson,1
pjvnjfbvkhw,1
lease,1
instructions,3
uzqqdwlq,1
evidence,1
stud,1
communion,1
flamboyant,1
lethal,1
thework,1
nitrogenous,1
deportee,1
serpent,1
need,12
eln,1
shade,1
encoding,4
obtaining,1
xigbn,1
users,2
donde,1
inroad,1
skuper,1
http,33
loathsome,1
fwind,1
kinesic,1
cagtanitim,1
private,12
lsmycavm,1
wefoolish,1
calamity,1
nighthawk,1
end,2
vov,1
bullet,1
gater,1
eng,1
alleviates,3
maximilian,1
scud,2
seepage,1
auomycin,1
special,8
horizon,1
stella,1
environment,1
hotzone,1
betray,1
paolo,1
apropos,1
electrician,1
wanting,1
education,1
minick,1
called,1
springs,1
vv??gr?,1
xwaywcruz,1
condsidering,1
turns,1
bravo,1
rhctzjo,1
marcia,1
tried,1
explode,1
ovate,1
proceedings,1
neid,1
med?c?l,1
comport,1
carpathia,1
darialtramadol,3
alerts,1
faustus,1
404,1
406,1
407,1
forst,1
weapons,1
graven,1
ravages,1
debility,1
iagra,1
melville,1
valid,1
filings,1
asked,1
rights,3
416,1
alojarlo,1
elucidate,1
downpour,1
television,1
fldfbddz,1
chairman,1
cloudburst,1
dispel,1
sharp,1
estes,1
422,1
ignominious,1
ph?rm?ceut?c?ls,1
cent,1
spice,1
finery,1
naked,1
trial,3
perception,1
disorders,3
430,1
wayswe,1
etc,6
byproduct,1
atrneys,1
nvoo,1
inkjet,1
below,11
rqwdaeuh,1
offercode,1
estate,2
shall,2
paginas,1
amino,1
hfyeuoakpest,1
centhein,1
standardizing,1
euido,1
martha,1
qmtztznmx,1
cepy,1
condescension,1
financial,3
adout,2
450,1
running,3
eva,1
pleasuyour,1
furnituchildish,1
xighe,1
claidoldrums,1
shane,1
rates,8
shank,1
rolls,1
fedom,1
braun,1
rated,1
467,1
fullern,1
appetite,5
forms,3
belgian,1
maintain,1
adsini,1
orgasms,2
bdknjas,1
companies,8
annihilate,1
pounds,2
479,1
exl,1
prgces,1
leveraging,1
jcjacp,1
exp,1
phonograph,1
waves,2
conclusive,1
convocation,1
97501,1
tzgaiutkt,1
countries,2
481,1
wanted,2
immoral,1
qubid,1
obtener,1
impassive,1
another,3
guarantee,6
lowell,1
495,1
default,3
envoy,1
499,1
beverage,1
expectes,1
ezq,1
ovwernimght,1
frisky,1
bauxite,1
ampesfibak,1
fortunate,1
consensus,1
such,4
oywo,1
describe,2
sarcasm,1
suck,1
dyapexpathlab,1
grad,1
nesi,1
florida,1
incorporate,1
microsoft,2
ecumenic,1
white,1
demarcate,1
huge,5
heajust,1
chaparral,1
physik,1
might,3
narwhal,1
duplicate,3
incaution,2
museum,1
gauche,1
ofmusic,1
disclosuwhile,1
next,7
alger,1
feldspar,1
n?xmg,1
conclusion,1
necesarias,1
central,2
karpos,1
news,3
corspondence,1
effectively,1
was,13
njuey,1
way,7
israel,1
llamando,1
window,1
play,1
flippant,1
jvgigo,1
quickly,3
fad,1
taxes,1
decide,2
sutake,1
saigon,1
far,1
fat,6
lwjsqikus,1
fax,4
plan,1
esoteric,1
airfoil,1
davis,1
lowest,2
comfortable,1
ventuis,1
completely,2
suit,1
study,1
afomentioned,1
ioanhfptkcxwqr,1
searchers,1
portion,1
irish,1
yourmonthly,2
futu.,3
sume,1
gain,3
ozaz,1
2600,3
web,6
financing,1
physician,3
categories,1
mesmeric,1
gallagher,1
sult,4
declarary,1
grin,1
porting,1
fda,5
grip,1
diddle,1
conoco,1
electricity,1
biennial,1
quadratic,1
discoveries,1
knokgw,1
indebted,1
grille,1
stuff,2
statistics,1
feb,4
donna,1
heiss,1
fee,2
inseminate,1
rogers,1
section,4
looks,2
discounts,3
few,8
dict,4
dicr,2
softwatitles,1
rumod,1
hunt,1
opened,1
cotty,2
inner,1
ffo,3
produced,1
igor,1
outside,1
effect,1
buravohk,1
darkest,1
who,13
politics,1
cesyix,1
pathology,1
loquat,1
contribute,1
faith,1
why,10
fi.,1
integrated,1
galt,1
1314,1
postgraduate,1
dleft,3
cheney,1
diet,1
win,2
lawyer,1
aounts,1
didn,1
gale,1
platengenevieve,1
gall,1
dutchmen,1
rogravuplemaic,1
a.,1
mooioqm,1
various,3
attention,2
microscopy,1
headache,3
visit,6
a=,3
civing,1
dido,1
extent,1
cospondence,1
b',1
arteries,1
beaudoin,1
wvaow,1
fit,1
fix,1
palazzo,1
honest,1
nocturne,1
pension,1
ablaze,1
levitra,1
moonly,1
sury,1
addition,2
aa,4
barrow,1
ac,3
ad,13
grow,1
ramo,1
excited,2
ah,1
ai,1
al,12
am,8
an,25
eventful,1
ar,2
fold,1
as,35
at,38
folksy,1
au,1
impervious,1
ferira,1
ax,1
ay,3
gulated,1
checkbook,1
az,1
looking,4
gron,1
formed,1
bc,1
be,28
prove,1
rapt,1
bi,1
chambermaid,1
bl,1
agricola,2
br,6
hejust,1
intimacy,2
bu,1
systems,1
bx,5
sudden,1
77259,1
by,26
panel,1
strongroom,1
ca,7
muchas,1
cd,2
enabling,1
ce,8
charge,7
outstanding,1
cg,1
keeping,1
ci,2
quicker,3
edgar,1
adobe,1
familiar,1
britten,1
co,3
food,2
flu,1
cs,1
fly,1
partner,4
cw,2
skeptical,1
debauchery,1
paramedic,1
burgeon,1
font,3
de,3
terra,1
hobble,1
giveth,1
psychobiology,1
nuestro,1
gasp,1
evergen,1
dl,3
loquacity,1
hangable,2
f/,2
sites,4
finnegan,2
do,30
dp,3
dr,1
forg,1
furnish,1
esbgqiooo,1
schist,1
anodic,1
nuestra,1
won,4
justin,1
gase,1
ec,1
librarians,1
ed,1
which,12
needs,2
flynn,1
needn,1
el,2
en,2
cusmers,4
es,1
et,2
never,7
ex,3
ez,3
multipart,3
fa,1
foe,1
fe,20
fog,1
fi,2
fon,3
entwr,1
fl,8
for,63
fo,3
fontfont,3
content,5
hover,1
perhaps,2
alert,3
rate,3
weggpuowhvsrscjge,1
foss,1
ga,3
gc,1
ge,2
cstfallen,1
digital,3
go,13
deport,1
gr,2
mahayana,1
arabesqueshiny,1
gt,4
childlike,1
meantimeonly,1
gu,2
gasy,1
rash,1
dime,2
form,7
500,5
playhouse,1
503,1
ha,1
rasp,1
he,19
hf,3
eloy,1
hh,1
thtijd,1
hi,6
placed,2
sulting,1
chrisper,1
hs,1
510,1
suuwcp,1
else,5
four,2
ciliate,1
ia,3
rginwidth,3
514,1
easily,4
516,1
delgado,1
id,2
if,33
stngth,1
manipulation,1
cialis,3
inconvinience,1
xdrhnn,1
northrop,2
likely,1
conscript,1
advisory,1
il,5
in,44
io,1
ip,3
is,46
it,40
doorway,1
rave,1
iw,1
announce,1
sadist,1
525,1
gave,2
fsh,1
become,5
pphentermine,1
charset,5
noses,1
jkthfqbcmhf,1
fahey,1
goggle,1
vnet,1
531,1
535,1
sending,2
ke,1
ability,2
ecumenist,1
charon,1
kq,1
knew,1
ks,1
ku,1
saiyan,1
cannibals,1
places,3
541,1
incdible,1
scrawny,1
fud,1
la,1
aggar,1
ld,1
situs,1
lh,1
fun,1
ll,9
fur,1
lq,2
lr,1
ls,1
wwf,1
certify,1
pursuant,1
generi,1
lv,3
while,9
ly,3
enterprises,1
tinfg,1
second,3
charln,1
marvelously,1
ported,1
that,31
faster,1
ma,4
ounts,1
mb,1
www,21
leighn,2
than,8
md,1
me,10
?m?de,1
alvin,1
genery,1
mg,1
rvrttqbkontl,1
communication,2
locked,1
lenders,1
mo,8
mp,1
diry,1
necromantic,1
alabama,1
indecent,1
ms,2
author,2
mx,1
my,11
plus,12
flowing,2
raze,1
flyer,1
fritz,1
fwd,10
disk,3
dilution,1
nc,1
ciaglis,2
ne,1
569,1
ng,1
disc,1
ni,3
8859,1
no,39
shirley,1
nt,4
inexpensive,3
mnpgan,1
ny,2
head,3
cassius,1
viadgra,1
kidding,1
adiscussed,1
mquleiro,1
luftwaffe,1
prozac,1
of,48
579,1
heal,1
oh,1
the=,1
somehow,1
invertebrate,1
ok,3
ol,3
jbtfcz,1
hear,2
on,49
goldmine,1
the',2
or,35
sports,1
os,1
havilland,1
ot,3
cookery,1
ow,2
ox,1
oz,2
tatment,1
the.,1
intelligent,1
pasadena,1
babylon,1
maple,1
ph,1
dwindows,3
pm,3
sitting,2
po,2
qddavuvmvprbyvotzj,1
pr,3
nation,1
px,1
adaptation,1
py,1
convenience,1
discipline,1
gulary,1
jyfgm,1
s.,2
brand,5
they,13
gcian,1
hebw,1
bagatelle,2
thea,1
them,7
allowance,1
then,9
ra,2
hebe,1
rd,1
ri,4
pastiche,1
rl,1
oppose,1
obtained,2
rm,3
gratis,1
rs,3
rt,1
intest,6
executed,1
rkmvbfjkmezqscojn,1
amoebae,1
seen,2
cafully,2
sc,1
oswald,1
fixate,1
sd,2
croquet,1
se,5
sf,1
sh,2
sk,2
6248,1
fiwork,1
so,21
sp,8
email,16
apart,1
sr,1
ss,1
st,4
su,2
sv,1
necessary,6
decision,1
started,1
shebyt,1
heed,1
ta,2
td,3
single,1
secu,3
th,6
ti,1
bastplate,2
gether,3
tk,1
tr,6
antibiotic,1
tt,1
commercial,7
tv,1
joint,2
rules,1
sexin,1
transmissions,1
hgczcfwhiwtmvf,1
calculi,1
yahoo,1
uk,1
um,5
un,1
up,13
ex?ct,1
ur,1
us,20
forgo,1
waters,1
xan,4
this,34
rodney,1
powed,1
va,1
carnage,2
ve,5
equidistant,1
addssograph,1
brake,1
matchbook,1
vi,6
purchased,2
sees,1
vl,2
montenegrin,1
laurie,1
know,13
bolster,1
vp,1
landowner,1
vu,1
frontiersman,1
vv,1
medicines,1
bellhop,1
x?,1
gab,1
conductance,1
we,57
hein,2
heir,1
heis,1
wo,1
heit,3
gat,10
ws,1
teach,1
xa,1
aqui,1
tmendous,1
kudzu,1
undersod,1
xi,3
corrigible,1
deepen,2
argus,2
xp,2
jaunty,1
xu,1
gannet,1
held,1
ya,1
yc,3
dragon,1
type,8
suofkoitnq,1
terms,2
crossbill,1
madagascar,1
proof,1
chevalier,1
erratum,1
xer,2
contracr,1
madamesmerrick,1
iubglujp,1
insight,1
combinations,1
fedex,1
exact,1
force,1
pnter,1
flhyd,1
yyfkqas,1
paradoxic,1
argpc,1
gratui,1
north,2
mainutes,1
softwindows,1
locates,1
aaway,1
gek,1
gem,1
gen,3
get,31
course,3
power,3
curring,1
mediation,1
qtwrhqnyy,1
sell,6
anywheelse,1
continued,1
gfg,1
suspect,1
brain,1
help,8
massive,1
churchgo,1
amanuensis,1
self,2
located,2
ligion,1
gge,1
sound,3
eucalyptus,2
shrike,1
hobart,1
?ppo?ntments,1
sales,4
coprinus,2
xia,1
gosling,1
xil,3
decisionmake,1
kaskaskia,1
curious,2
electrocardiograph,2
sent,8
delude,1
chromagraphy,1
hellebodit,1
handwaving,1
techniques,2
purposes,2
igneous,1
appointe,1
flange,1
send,7
expenses,1
fitful,1
contacted,1
purpose,1
affricate,1
gratyz,1
viagr,3
thinkers,1
loihutch,1
gin,1
herr,1
gir,1
security,2
servers,2
challenged,1
0100,1
bract,1
gspm,1
adhecusm,1
0109,1
neurology,1
costs,1
giblet,1
brversion,3
garish,1
khyzgzdpg,1
daddy,1
webmail,1
flatbed,1
intend,2
geisha,1
introduces,1
wedelmusico,1
seismic,2
without,9
whatsoever,1
thus,2
fouar,1
quasicontinuous,1
ghostly,1
constraining,1
sender,2
seri,1
much,13
hese,1
arab,1
anybody,3
dionysus,1
pleasuand,1
armillaria,1
vancouver,1
carbur,1
mundane,1
helene,1
gfczc,1
committed,1
committee,1
heun,1
aintended,1
union,2
querying,1
gulations,4
fieldwork,1
suite,1
adage,1
pitchfork,2
yours,1
god,1
khamvzm,1
novel,1
standard,2
completeness,2
asnish,1
got,7
neglecter,1
zixktku,1
gov,1
ovezrpasying,1
indecomposable,1
juices,1
benedikt,1
meridia,1
aady,1
avery,1
calvinist,1
gotham,1
dogfish,1
hewn,1
cdulity,1
european,2
scobox,1
jmmsqlcf,1
marmalade,1
glenda,1
lack,1
tails,1
forster,1
600,3
authority,1
shocking,1
608,1
formats,1
aquila,1
lenient,1
cllfypbitemy,1
formate,1
aessory,2
samsung,1
wstling,1
gra,8
marginal,1
dppfont,3
ejkri,1
homeowners,1
lipir,1
effluvium,1
cowpea,1
mobile,2
psumptive,1
evolution,1
armistice,1
heterodyne,1
formulario,1
scottsdale,1
enhkance,1
strongwe,3
pediatrics,1
0199,1
wadi,1
quithe,1
sexu,1
magazine,1
named,1
icodin,1
channel,1
approach,1
637,1
proceduplemy,1
write,3
moinfo,1
corporation,1
loyalty,1
understand,1
classroom,1
abysmal,1
softwaand,1
emtk,1
winner,1
million,7
akept,1
strongly,5
desi?,1
649,1
bulk,2
larger,1
gun,1
wait,5
booklet,1
guy,1
sponder,1
instant,2
mason,2
alundum,1
native,1
tial,1
sponded,1
chromic,1
ingdients,1
laid,2
discussed,1
jostle,1
opportunities,2
pacific,1
writ,1
665,1
xnabllzfj,1
entity,1
namin,2
appanage,1
anywhe,1
almost,4
davison,1
suits,1
associate,2
hotrod,1
gleam,1
housebak,1
whether,2
pawxil,1
desea,1
indisction,1
whethey,1
counting,1
desde,2
departucurdle,1
basis,1
munich,1
glidden,1
army,1
jobgalleries,1
arms,1
lank,1
jehovah,1
5000,3
ethel,1
policies,1
tgpqgjqqmarwsndiy,1
dcenterfon,3
mush,1
heinbelow,1
busy,1
extra,2
7657,1
busp,5
burn,1
filtrate,1
apologies,2
consecutive,2
bedimmed,1
dexterity,1
busybeing,1
gazelles,1
obstetrics,1
burr,1
arwpwvcyxdnsw,1
quietly,1
stinks,1
burp,1
chalkline,1
befomy,1
lapp,1
groggy,1
ffffffstrongfont,3
advertising,3
discussion,1
lecheryaerospace,1
acorn,1
quested,2
oncology,1
solicitations,1
duane,1
helen,1
arrangements,1
thinks,1
welcome,1
events,1
chaos,1
headwall,1
earns,1
want,18
mocategories,1
wowvtfh,1
muti,1
kong,1
geriatrics,1
syarmrhouqoeagcxqv,1
induce,1
moimpssive,1
must,8
butt,1
conjunctudelusion,1
musicnetwork,1
sabina,1
hibernate,1
chase,1
hlduilnuq,1
ravine,1
bethought,1
found,7
hannibal,1
supervifagra,1
inclement,1
nduuv,1
ffffffstrong,3
dilapidate,1
lethe,1
doberman,1
evoke,1
pdict,1
confence,1
consortium,2
had,7
align,3
guided,1
bedford,1
wasn,1
late,2
impolitic,1
things,2
medsplanet,1
has,14
last,6
facsimile,1
batch,1
weight,8
waxen,1
batck,1
ltqudybtesk,1
ection,2
34133,1
chalk,1
wars,2
updated,2
osseous,1
he!,1
domenico,1
impossible,1
effort,1
he',2
video,1
unduplicated,1
updates,1
brute,1
wave,1
he.,17
weapon,1
quadriceps,1
stronger,1
xceescerwmikb,1
debussy,1
lithosphei,1
countersunk,1
radioastronomy,1
disease,4
he?,1
pfont,3
yep,1
lastming,1
yes,4
minutemen,1
ambien,1
micrography,1
yet,2
formalities,1
airspeed,1
engineer,2
voss,1
alike,1
clarity,1
circumcircle,1
delightful,1
aorta,1
time,19
buenos,1
compulsionanchorage,1
applications,1
aroused,1
happy,2
hee,1
multi,2
visirs,2
her,5
higgs,1
secusite,2
heu,1
gleason,1
hew,1
hey,4
okay,1
pagina,1
tion,2
having,5
laws,1
cattiesinc,1
dossier,1
w?th,1
visita,1
webcam,3
chilblain,1
slopy,1
edmondsdemocracy,1
lawn,1
axlgb,1
doubled,1
airways,1
dbnztfrg,1
mailing,6
triangle,1
smart,2
concurring,1
ways,1
hepburn,1
manejo,1
hamburg,1
chain,1
garded,1
chair,1
earnings,3
chat,2
proximal,1
engr,1
pr?or,1
small,3
pvention,2
ronck,1
finanance,1
bead,1
deterring,1
him,1
crockery,1
sanguineous,1
his,2
strikebak,1
bear,1
potential,4
auctions,1
bean,1
hostess,1
bergamot,1
srfghkj,1
twice,1
yduik,1
enis,1
raritan,1
pztacubvwu,1
quiments,2
bfriy,1
point,3
beguile,2
debut,1
visits,1
lender,1
spping,2
sounds,3
hospital,1
fquent,1
deserve,1
artisan,1
emphases,1
awilling,1
alternative,4
grownup,1
banner,1
complementation,1
chea,1
yng,1
mean,1
anearly,1
nominated,1
hathwithe,1
ylxods,1
draftee,2
romeo,1
been,13
radioactive,1
beef,1
alphabet,1
pcept,1
barra,1
meds,17
bleach,1
ngfont,3
you,65
fnoonun,1
flogging,1
opportunity,1
active,1
fleshy,1
involution,1
court,2
decompras,1
beaumont,1
obtienes,1
diurnal,1
fracry,1
deals,2
firms,1
bulky,1
hoc,1
netscape,2
sustainable,1
hop,1
hot,6
beloit,1
how,11
owens,1
aheaded,1
calms,1
corrigenda,1
nowaday,1
enos,1
befo,1
migraine,3
chin,1
flected,1
draftsperson,1
march,2
meet,2
answer,4
calls,1
700,3
aging,3
qohrphqhkn,1
lovelorn,1
celebrity,1
putting,1
sometimes,2
questions,5
promise,2
playboy,1
cvice,1
desiseem,1
medford,1
coupe,1
listened,1
ashh,1
vitra,3
abel,1
count,2
ybuclkgg,1
zones,2
abed,1
720,1
cochran,1
blame,1
incase,5
abet,1
sddmwpuswcxdbxmez,1
blank,2
upbraid,1
dominio,1
flaxen,1
oprah,1
ingratiate,1
fznsvnma,1
soften,1
pnte,2
drhetp,1
pixel,1
notice,3
inhabitation,1
htm,2
lagos,1
pcess,1
psychoacoustic,1
although,1
approximately,1
extmely,4
decades,1
cho?,1
ignocelebrate,1
fortunes,1
hum,1
basket,1
envy,1
jumpstart,1
moldavia,1
0614842809561657,2
arial,3
america,2
kitten,2
751,1
sh?p,1
alphabetic,1
mely,1
impasse,1
hve,1
action,1
actiol,1
penury,1
chow,2
ambuscade,1
bell,1
handclasp,1
raptuincomparable,1
lamentation,1
768,1
codin,1
deliver,3
ineradicable,1
eight,2
products,3
ssqqozc,1
broadside,1
770,1
xeni,1
malfunction,2
guaranty,1
herramientas,1
faucet,1
nigeria,2
could,9
blake,1
browiker,1
mens,1
nyse,1
beggary,1
adnaline,1
able,3
cyst,1
trigged,1
6416,1
delived,2
hogan,1
rotate,1
cheaper,3
concerned,1
ahaving,1
fioric,3
cassette,1
povzzzx,1
ggzklpxr,1
11669,1
795,1
chum,1
solution,5
gantlet,1
supplementary,1
dramatically,1
international,6
discounted,1
sooner,1
difficult,1
mailboxes,1
guam,1
steps,1
friends,1
lsnj,1
forget,1
quadripartite,1
ason,2
futuperformance,1
curtail,1
problems,4
pr?ce,1
best,15
execur,2
invulnerable,1
genuine,1
xeri,1
mesh,1
certainly,1
calligraph,1
enrichespraises,1
calculates,1
nectary,1
concerning,1
blankvisit,3
biopsy,1
asynchrony,1
benny,1
specials,5
paperweight,1
yipbdfvudqyokjok,1
mcfadden,1
quotes,1
quoted,3
cover,2
convulsive,1
bungle,1
based,7
mets,1
something,4
intention,1
betr,1
elongate,1
blackwell,1
meta,3
cheekbone,1
mesenteric,1
morddtgage,1
debar,1
fact,4
bridesmaid,1
hieratic,1
oncxbv,1
lkzeplr,1
ial,3
lectionary,1
christian,1
bexk,1
pmargin,3
propeller,1
lrocbsvzsrjmjv,1
concte,1
actually,1
bleary,1
face,3
quiany,1
chopin,2
ruff,1
household,1
clumpedexpansions,1
calculation,1
fuente,1
independence,1
verbatim,1
paraboloid,1
afforded,1
ico,1
nashua,1
climactic,1
beseech,1
pompano,1
iumtjhydfqshpmvs,1
ida,1
please,24
arnold,1
valii,2
2910,1
nvcfjlh,1
bursty,1
genwood,1
extme,4
expelling,1
opmetry,1
equivalants,1
carrie,1
sequential,1
gangplank,1
girdle,1
iwsogco,1
sneeze,1
gull,1
illusory,1
lopez,2
macedonia,1
commend,3
excin,1
dlbr,3
inauspicious,1
bhjpsbdsed,1
loguan,1
igf,1
vebilirsiniz,1
quirky,1
compatible,1
enable,1
enlaces,1
shapingconfocal,1
1618,2
dielectric,1
phenomenal,1
profession,1
zip,1
elephantine,1
dcenterfont,3
eminent,1
doors,1
wsze,1
filing,1
gardless,2
spectrum,1
fletch,1
dropout,1
comphension,1
seize,1
papaw,1
cemonious,1
discontinue,2
iit,2
meager,1
galenite,1
innocuous,1
nica,3
ijn,1
jawbone,1
liquid,1
isolates,1
forgot,1
first,3
molikely,1
nxxlkotg,1
docile,1
rantee,1
roman,1
clearly,1
alysha,1
seacoast,1
prqwy,1
epimorphism,1
lager,1
dagger,1
gauss,1
bsfjn,1
smells,1
hbbbbzhlamsmvzowwp,1
kwmla,1
croatia,1
nuestras,1
nqogqaeo,1
death,3
advice,1
mercury,1
brassy,1
imo,1
error,4
friable,2
xywho,1
imt,1
paper,5
mwtpxi,1
atmospheric,1
aumatic,2
steam,1
ioric,2
value,5
inc,4
listening,1
ing,1
quantity,1
churchillian,1
verified,1
infosource,1
wincy,1
rush,1
int,1
cyrus,1
cotnmouth,1
jomsom,1
introducry,1
growth,1
fiand,1
hornmouth,1
vcagra,1
bicycle,2
amaking,2
properly,1
poop,1
poor,2
husbandman,1
circuitry,1
invented,1
unexplod,1
excellent,2
pool,1
functining,1
doaor,1
airport,1
kraft,1
persons,1
charges,2
800,1
801,1
charged,1
providing,2
criterion,1
weeks,2
manual,2
sicken,1
hirsute,1
athe,5
close,3
817,1
citrate,1
instalment,1
deducible,1
vermek,1
fast,10
philipmool,1
trials,2
grocery,2
cowhide,1
dempsey,1
ish,1
communicate,2
controls,1
iso,2
contribur,1
bronagh,1
ativ,4
acid,3
monomial,1
posh,1
atid,1
its,11
altair,1
uhcebl,1
olor,3
port,5
shell,1
guys,1
pharmacy,5
hesitate,1
income,2
ium,3
billy,1
buyers,2
united,5
production,2
choose,6
paste,3
qsuyintyw,1
monsieur,1
mezzanine,1
overnight,2
lucidmoves,1
851,1
dignitary,1
oueqglz,1
magpie,1
honshu,1
identify,1
frye,1
eyelidcaution,1
pout,1
improvement,1
objectivity,1
shortsp,1
jabbed,1
angeline,1
hyperlinks,1
shah,1
asonable,1
number,3
punish,1
property,1
sporting,1
handle,1
dpdiv,3
iroquois,2
talmente,1
prosthesis,1
888,1
asold,1
silver,1
sponses,1
serfdom,1
ajust,2
city,3
confident,3
local,1
futualerts,1
899,1
promptly,1
decisions,1
hyde,1
ventulicense,1
milord,1
satisfaction,3
shas,1
powerful,4
cite,1
shed,1
larvae,1
follicular,1
cliffhang,1
qualify,2
border,5
metzhod,1
entipackage,1
softwaitems,1
clock,3
enforcible,1
dsectionl,3
unit,2
monthly,3
collect,3
abetted,1
collecr,1
gear,2
salisburygraven,1
corlate,2
stilff,1
kraut,1
menopausegum,1
6585,1
contingent,1
glandular,1
morphism,1
minute,1
anharmonic,1
application,1
muong,1
astill,2
etheal,1
pestilenti,1
ship,1
sourberry,1
bloqueo,1
acts,2
bundoora,1
shin,1
ppad,3
annual,1
exclusive,2
shopping,2
barbour,1
using,4
jay,1
completed,2
fquently,1
shouldn,1
gustav,1
acquiesce,1
letter,3
geet,1
annually,1
councilmen,1
devil,1
worth,3
rnskkxq,1
branded,2
endothelial,1
taken,3
catherine,2
pfences,1
dividend,1
ewerthebestrx,1
penis,1
popular,4
paypal,1
portraitudeus,1
pjtvwuxhpznavyrd,1
broken,2
collagen,1
broker,4
commodocompulsion,1
wrinkle,1
incautious,1
knell,1
shiv,1
fulsome,2
derision,1
acyc,4
antispam,1
lifetime,2
bloodshed,1
individuals,2
euridyce,2
ipping,1
defraud,1
helpful,1
deplete,1
hokan,1
those,3
worry,1
courses,1
scksnut,1
telephone,3
significant,2
delicious,1
longer,6
debase,1
hornet,1
atrney,1
bonita,1
shop,4
michelle,1
show,3
description,1
critique,1
cautious,1
disappear,1
shot,1
psentation,1
emails,4
arrive,2
ntermin,2
outrageous,1
infringed,1
learned,1
rtlzspjpkbtnts,1
suddenly,1
hydroelectric,1
compensated,2
guidance,1
octagon,1
hype,1
fshest,1
fpsgle,1
inteses,1
flounce,1
delicate,1
fancy,2
gomedz,2
steppe,1
feing,1
billing,1
0400,1
dietary,1
burrow,1
feint,1
cohomology,1
dwhite,3
khbdcivoe,1
chester,1
lexingn,1
cherubim,1
ktgdo,1
unsvbscxibe,1
kappo,1
bottles,1
garding,3
annulled,1
champaign,2
enthalpy,2
geoffy,1
vehicle,1
madam,2
bulldoze,1
controvertible,1
hassle,5
bilateral,1
sendmail,2
superfluous,1
1767,1
guildhall,1
ovejr,1
chimique,1
v�agra,1
giggle,1
apndizaje,1
losse,1
bonds,2
zzsobajqqskityegwqj,1
gions,1
influence,2
losss,1
dysprosium,2
weeight,1
ception,1
england,2
adam,1
crisis,1
crafted,1
exigent,1
persuasion,1
important,3
disciplinary,1
efficacious,1
daily,2
gexther,1
dotarsdnm,1
job,1
iggtxa,1
signatu,1
transcoding,1
largest,1
bordeaux,1
virtualpc,1
hughes,1
solicitation,1
hadogmatic,1
strangle,1
futumailings,1
brimsne,1
billion,2
prozoan,1
miracle,1
visually,1
compliment,1
sheet,1
fugue,1
original,7
comply,1
gets,1
gett,1
differ,1
clove,2
farragut,1
orthopaedic,1
midget,1
nterm?ne,1
affiliate,1
tradersrunning,1
905,1
plane,2
stupid,2
offed,1
intimal,1
ppro,1
theano,1
comples,1
offer,13
irsolute,1
diplomatic,1
582381447251700,1
tffpoibkt,1
yhrbn,1
complex,1
getwebrx,3
finessed,1
archdiocese,1
buttercup,1
rubbish,1
choexcscent,1
mater,1
wrongly,1
plastic,1
plans,1
callthis,1
drive,3
ader,1
6883567435487221,1
jones,1
gracias,1
moneyback,1
insulate,1
aptcproved,1
frnhd,1
underwas,1
salmonella,1
mortbanc,1
930,1
national,2
audiences,1
indicate,1
bandstand,1
contain,2
rlyprx,1
jobs,1
rafind,1
aumotive,1
benefited,1
words,2
medicine,4
functionary,1
matchmaking,1
molike,1
beamed,1
somewhat,1
juf,1
spider,1
leaping,1
testimonial,1
deoxyribonucleic,1
rooms,1
excused,1
combinariczeiss,1
featud,1
developed,1
humorous,1
ceive,11
parish,1
contact,4
954,1
featus,2
programming,1
ilan,1
heunsubscribe,2
adit,1
adip,2
contacs,1
bacilli,2
aumorphic,1
neill,1
br?nds,1
aumulating,1
adjust,1
simpson,1
helps,4
party,4
alize,1
however,2
applicate,1
visiting,1
trained,1
sources,2
sierra,2
lund,1
dockside,1
fvzor,1
client,2
cosponsor,1
utilisation,1
mundo,1
hifalutin,1
false,1
entibroadcast,1
appealing,1
prompt,1
suessful,3
milnlions,1
ocney,1
crowd,1
deallocate,1
gossamer,1
990,1
gionally,1
illimitable,1
cbsacrl,1
clotheshorse,1
997,1
warranty,1
join,6
philips,1
costume,1
faithfully,1
vaio,1
ceipt,2
drink,1
messaging,1
mountaineer,1
sian,1
digitalis,1
vail,1
hello,6
gascony,1
golflfsl,1
alium,2
works,6
alive,2
proportion,1
crowfoot,1
pursuit,1
camcorder,1
thinking,1
basilisk,1
commonweal,1
world,10
aident,1
everything,3
urgent,2
vali,2
affordable,1
side,3
4000,3
thorn,1
gypsum,1
joke,1
scoria,1
century,1
semblant,1
kale,1
disburse,1
sign,1
high,11
download,1
split,1
gfuse,1
introversion,1
publication,3
ayour,4
kneel,1
gallegos,1
ausm,1
level,2
pndjicvyfif,1
banshee,1
ause,1
antarctica,1
focused,1
4018,1
dmshtml,3
olduvaiflawless,1
stenographer,1
pursued,1
consumers,2
loser,1
telefonos,1
consumer,1
cyclist,1
sells,1
clockwise,1
cross,1
pmqwdbkkz,1
control,9
demanding,1
extralinguistic,1
drill,2
hilarity,1
earth,3
worthwhile,1
specialty,1
tlnk,1
cunfingham,1
behalf,1
bathtub,1
exert,1
insolent,1
d?scount,1
corpora,1
conant,1
publishing,1
browsing,1
browbeaten,1
asthma,1
lolqjintzfmtz,1
mivtlliaons,1
moneywort,1
clergymen,1
atlanta,1
dunham,1
janett,1
fibonai,1
hemorrhoid,2
sims,1
suppss?nt,1
keh,1
?ncludes,1
audio,1
intake,1
key,1
surprised,1
quasistationary,1
entiprocess,1
disction,1
psent,3
w??t?ng,1
confirm,1
homeostasis,1
kate,1
expeditious,1
ticent,1
llenar,1
siegfried,1
gilead,1
tamale,1
dislike,3
available,13
quest,5
apyalis,1
posthumous,1
crotch,2
jamaica,1
gusset,1
siny,1
bethlehem,1
consort,1
sinh,2
query,1
dismal,1
darial,3
plowman,1
brazilian,1
especially,1
once,6
hint,1
carpet,2
sine,1
manville,1
lippincott,1
1828,1
rvbmr,1
kia,1
patchcliik,1
deuce,1
gfgylq,1
bluet,1
kin,1
bauer,2
glacis,1
throughout,1
parac,1
excllusive,1
compulsion,1
types,1
corrupt,1
bazmxu,1
robles,1
phosphate,1
technology,3
apathy,2
colloq,1
heavenward,1
bronchiole,1
litigation,1
ones,1
baden,2
bangladesh,1
softwasends,1
childish,1
enurage,1
inexact,1
shopnow,1
dissemination,1
teeth,1
brgeyzsc,1
banked,1
between,2
inclusive,1
rfor,1
collar,1
dgenerar,3
invariant,1
following,9
palabras,1
loseweightfast,1
conversant,1
plagiarist,1
intesting,2
collocation,1
viakgra,1
hoffman,1
casebook,1
seeing,1
lean,2
hypochlorous,1
place,6
xfelayeqy,1
protducts,1
firmer,1
brother?ffffae,1
bigger,1
ascendant,1
payoff,1
fraction,1
expect,3
site,15
highlights,1
aoffering,1
passage,1
ecjawsnoh,1
adirondack,1
leaders,2
buckskin,1
parks,1
assets,1
ichneumon,1
plain,1
especiales,1
conformal,1
only,30
should,7
darialphentermine,3
mechanisms,1
officers,1
individual,1
loans,1
comparing,1
compensable,1
person,2
gfywvdx,1
chemically,1
week,5
ferocious,1
rwxr,1
dipex,1
inclusion,1
computing,1
cannonball,1
studies,2
player,2
routed,1
luxurious,1
balloon,1
limited,1
bipartite,1
fover,1
fedomfunds,1
suppssant,3
onmt,1
tarpon,1
programas,1
doorkeeper,1
pills,3
minerals,1
hamlet,1
fifty,1
empihoneywell,1
approved,4
would,15
fdnwahf,1
paulette,1
solid,2
meanwhile,1
vlagr,6
calcify,1
arturo,1
diffent,4
size,4
applies,1
left,2
halide,1
eleven,1
frantic,1
solin,1
troika,1
hosting,1
pronducts,1
pr?v?te,1
example,2
asetar,1
policy,2
alambien,3
spond,3
nex?om,1
heightened,1
police,1
ankara,1
frances,1
chutney,1
finessing,1
thank,5
charlottesville,1
surgery,1
illegitimate,2
kbid,1
confront,1
gurkha,1
advil,1
ctlveuwpevitduzumxn,1
dogoth,1
implemenr,1
others,2
making,5
capillary,2
jzinzuusetkhdc,1
check,10
dorchester,1
hundd,1
derrick,1
disocet,1
marjoram,1
yqlpkotduys,1
t?blets,1
disco,1
pscriptions,8
docrs,1
inavmen,1
nobleman,1
society,1
bacterial,1
lend,1
wepsxuasp,1
ticket,2
approval,1
blocks,1
aldehyde,1
concentrate,1
versus,1
explosion,2
ourmailings,1
well,12
avon,1
handling,1
personnel,1
lavone,1
outlook,1
prognosticate,1
aept,4
couscous,1
gains,2
fontainebleau,1
euumigyk,1
sspltm,1
experiment,1
loved,1
bimetallism,1
launtian,1
fierce,1
antler,1
eigenvalue,1
fifly,1
cobweb,1
campion,1
intes,1
nietzsche,1
destine,1
hegemon,1
sexiual,1
pervia,1
blotch,1
inexpensively,2
spots,1
crazy,1
orders,4
managers,1
associable,1
averse,1
5440,1
fuck,1
inexperience,1
irony,1
matter,2
thingie,1
alfont,3
bedrock,1
product,6
producs,1
walter,1
loves,1
fwnxmpdkcn,1
hydrate,1
cheap,4
noisy,1
hater,1
nautical,1
cheat,1
walks,1
sandpaper,2
perfected,1
jigging,1
aphid,1
klaxon,1
capital,1
bleeker,1
traveler,1
minos,1
lets,2
upon,2
lab,1
solicite,1
bryan,1
lac,1
governess,1
identical,1
monologue,1
incontrovertible,1
biggest,2
function,1
spoon,1
employer,1
quite,2
las,2
vmobxnyorhcmkwipgx,1
carboxylic,1
surfer,1
actvion,1
lax,2
law,3
comparison,2
lay,1
aess,3
cyplasm,1
less,9
aeso,1
loplan,1
condition,1
citative,1
improve,2
sqxlgpvlpqzsyufh,1
shining,1
translates,1
mafvv,1
cessna,1
xeril,3
charybdis,1
emanate,1
arizona,1
technique,1
lcd,1
teaches,1
possibility,1
casserole,1
lengthy,1
glottis,1
opening,1
avaiplable,1
ldh,1
industrial,1
deferral,1
pasteurpoise,1
fddy,1
allyl,1
sport,1
maintenance,1
nsdfdd,1
geese,1
befomeditate,1
radiology,1
playroom,1
mastercard,2
quid,7
led,2
technische,1
absorb,1
uxkydbll,1
supply,4
docr,5
medications,5
liable,2
let,7
enlarges,1
adviser,1
dock,1
cargo,1
softwafor,1
darialfioricet,3
adwa.,1
night,1
melanoma,1
dystrophy,1
each,4
patchwork,1
ofjanuary,1
items,4
peppy,1
thirty,1
entertainment,1
offshoand,1
erhc,1
colonist,1
rapport,1
dollars,3
availability,1
cohesive,1
1910,1
circulary,1
does,8
situation,2
bradford,2
legislation,2
karma,1
dodd,2
consolidate,1
encuentra,2
ficracker,1
chevron,1
crowbait,1
insurance,5
principle,1
medical,1
source,10
depssion,3
pestilential,1
0600,4
lin,1
russo,1
prim,1
bias,1
dogs,1
bolshoi,2
1934,1
1933,1
judgments,2
eric,2
aearning,1
supplements,1
involved,2
eyesoconvect,1
armload,1
roberts,1
ballroom,1
page,2
incommensurable,1
arcsin,2
eril,2
burch,1
full,6
destiny,1
cards,1
jlikvwkzkh,1
aspects,1
scurlock,1
delict,1
miscant,1
circulant,1
escherichia,1
bonuses,1
inflame,1
hurriyet,1
enhance,1
convention,1
gangling,1
pain,5
appropriately,1
center,2
amtrak,1
purchase,4
mobney,1
glottal,1
advised,1
llo,1
manage,1
equal,1
fund,2
paid,5
clemmons,1
veering,1
modetails,3
verses,1
lwliq,1
lative,1
pmoney,1
htmlheadtitle,3
hiling,1
crosshatch,1
payment,6
tenant,1
bien,1
batten,1
suppss,1
hethan,1
chantilly,1
metallic,1
ashman,1
lactams,1
judicial,1
lnt,1
provide,5
ciaclis,1
headroom,1
vicodin,3
mealy,1
consultation,5
chicks,1
bagel,1
lob,1
primary,1
pstige,1
chert,1
mcelroy,1
lot,1
glasses,1
los,3
advisor,2
1997,1
computer,5
aincluded,1
wholesale,1
1995,1
low,13
prop,6
proz,2
infantryman,1
ceived,3
braille,1
wealth,1
sentinel,1
means,4
aides,1
prod,1
incisive,1
impracticable,1
baboon,1
orphan,1
sildenafil,1
epigraph,1
eternal,1
promotions,1
rhesus,1
exportable,1
fingernail,1
lpx,1
crumple,1
0672,1
carrara,1
psaltery,1
diabetes,1
ciaylis,1
natchez,2
door,2
quick,5
cently,2
husband,2
experience,4
commander,1
combination,1
obtain,2
futu,1
curiosity,1
minutes,7
divalent,1
helsinki,1
klaus,1
perceived,1
gibbon,1
matson,1
ease,1
avertive,1
disks,1
part,2
avocate,1
gutsy,1
principal,2
elegy,1
para,1
bromaker,1
inconspicuous,1
browser,2
hiroshi,1
qrihmd,1
ltd,2
park,1
fuzzy,1
hewhich,1
unbelievable,1
herbal,1
aders,1
pscription,13
ears,1
someone,1
earn,3
interaction,1
commissary,1
clmw,1
garnishments,1
mime,3
lux,1
trieval,1
journeymen,1
pfmlpwetddmlshqewy,1
lve,1
chicago,1
past,2
profile,4
mild,3
bill,1
easy,13
whose,2
acrid,1
bucket,1
dose,1
profiling,1
adult,3
quartermaster,1
monte,1
clockwork,1
existed,1
ohnly,1
chlordane,1
allcs,1
mine,1
mind,1
tasusfamines,1
incr,1
involve,1
phoshop,1
neodymium,2
haplology,1
richest,1
added,2
gazeteye,1
seater,1
emergency,1
down,6
moblood,1
cluj,1
bracken,1
lavariesquadrupled,1
adding,3
clue,2
club,1
scwworm,1
info,6
compellable,1
impiety,1
schlesinger,1
yogur,1
month,6
dewitt,1
thewhen,1
theaplently,1
bidden,1
sults,6
rather,2
worthy,1
title,4
papers,1
impeable,1
drugsl,2
bospears,1
human,1
knockout,1
manufactur,1
besotted,2
ecstasy,1
permission,1
abode,1
gaslight,1
heartburn,3
osnqj,1
kikuyu,1
xanuax,1
incluye,1
append,1
dewdrop,1
saber,1
cambric,2
deputatio,1
brothers,2
hermetic,1
discount,13
chemotherapy,1
irsponsible,1
supplies,1
letters,2
cookie,1
inadvertent,1
printer,1
unvsubvscrtibe,1
field,3
embassment,1
served,1
messages,1
baseball,1
inflater,1
mitted,1
cstview,1
skip,1
mac,1
mention,1
janugixcs,1
legally,1
cellpadding,3
optimizar,1
wouldn,1
man,3
mas,1
twenty,1
cubbyhole,1
kuigptkbx,1
may,12
annapurna,1
supplied,1
eqbgs,1
dromedary,1
kilgoroadway,1
mbi,2
oceanography,1
websites,1
getty,1
fenced,1
bonus,4
niger,1
feel,3
casino,1
ruwhqalz,1
aisle,1
eidrzgcvhs,1
s?v?ngs,1
fungible,1
bipartisan,1
ffffff,3
alphameric,1
candace,1
kqnryotnu,1
telecomunication,1
failus,1
ideas,1
mowomen,1
mde,1
chuckle,1
scwball,1
feed,1
emitted,1
lists,2
heisenberg,1
oriented,1
mbtlul,1
handsome,1
arteriolosclerosis,1
med,4
deaconess,2
camelback,1
33431,1
fanny,1
cheapest,2
men,4
mes,1
louis,1
lullaby,1
fffffc,3
exactly,1
contrariety,1
orange,1
oultation,1
progative,1
asilomar,1
newfoundland,1
opal,1
deceased,1
impssed,1
enters,3
about,20
pnterm,2
dishwater,1
danger,1
crash,1
patch,1
mandary,1
irqqrumdipdvprpyvbislya,1
above,8
dutchess,1
stick,1
expurgate,1
sleeps,1
myself,3
wonderful,1
aalso,1
substantial,1
quality,7
beave,1
athena,1
nihilist,2
agnew,1
promptitude,1
saturnalia,1
flaxseed,1
drugging,1
getnow,1
association,1
eliminate,3
believe,6
propio,1
fell,1
fomalhaut,1
min,5
ceobusinessclub,1
gamecock,1
butterfly,1
boots,1
booty,1
zxqklpd,1
wiless,1
middle,1
prosper,1
associates,2
though,1
strategies,1
adem?s,1
qmance,1
humus,2
diffeomorphism,1
appear,1
definitely,2
pviously,1
associated,1
experts,1
open,2
propeecia,1
invesr,2
lybgzymku,1
chute,1
tbody,3
invest,4
project,1
exclamation,1
monew,1
hawkins,2
downline,1
sincely,1
downsizing,1
fend,1
diana,1
soveign,1
evapho,1
abound,1
barlow,1
solutions,1
modelling,1
softwasend,1
mlm,2
tddiv,3
paths,1
gospel,1
roadway,1
proposals,1
internet,9
mo!,1
allow,2
appliance,1
defer,1
proper,2
slain,1
hegain,1
mo.,2
incommunicable,1
rampant,1
experiential,1
backstage,1
mo?,1
zolfoft,1
scabbard,1
cellp,3
bedroom,1
money,14
xmirhdpokamckhj,1
euphoric,1
yubadcpj,1
ngtxjhdmc,1
oblique,1
moe,1
boatman,1
exxon,1
emailmove,1
axes,1
sharks,1
moo,1
befoinvesting,1
borosilicate,1
movies,1
ceiving,5
bombast,1
ferd,1
fickle,1
profits,2
ingersoll,1
still,3
geochemistry,1
neuvser,1
constitute,1
benchmark,1
overn?ght,1
books,1
proachgauguin,1
among,2
edwina,1
fusillade,1
gorge,1
curntly,6
duction,2
internal,1
addss,9
kudo,1
excise,1
churn,1
enjoy,13
indianapolis,1
ourselves,1
personalized,1
naturally,1
writing,2
turbofan,1
federal,3
xrzlsexsiebpq,1
pewter,1
durango,1
embryology,2
playful,1
aally,1
include,4
pcios,1
gisted,2
bygone,1
aged,3
dtrli,1
haste,1
lkygw,1
mrs,1
lefty,1
dewar,1
abduct,1
congss,1
principales,1
derogary,1
msg,3
istediginiz,1
aount,5
msn,1
float,2
pssu,1
discoved,2
coarse,1
serology,1
jpwzubxzfeqf,1
uncertainties,1
sharpe,1
discover,2
offset,1
monash,1
meniscus,1
mksxdagza,1
este,1
shipped,2
diehard,1
wedelmusic,1
andiron,1
abolition,1
ttkhvme,1
elder,2
bombard,1
cruiter,1
jacm,1
blubber,3
27540,1
craig,1
offsho,1
adminsystem,1
ashley,1
aalady,3
controversy,1
existent,1
command,2
grimace,1
cyberfr,1
tally,2
fermion,1
saved,1
leading,1
music,2
barcelona,1
mueller,1
because,13
ciilis,1
moving,1
felony,1
trieve,1
expssions,1
upgrade,1
coalesce,1
merchant,1
google,1
badland,1
bfzjsco,1
contains,5
bjoa,1
science,1
dermalogy,1
aboard,1
detail,2
serifbdiscount,3
telstra,1
servoir,1
fungal,1
debated,1
asparagine,1
matrix,1
ambulary,1
backwater,2
eloquent,1
sleep,3
supervixagra,1
weformed,1
bazck,1
crumb,1
logan,1
disquisition,1
counterflow,1
certified,1
anasmosis,1
website,5
unlimited,2
wyoming,1
liens,1
descent,1
wellesley,1
darialbr,3
phsychics,1
qjbtqvddeyfx,1
celejbx,1
softwa!,1
stunningcoerces,1
aepted,1
boyhood,1
catbird,1
ambulate,1
whats,1
softwa-,1
arginine,1
fitness,1
pphenterm?ne,1
female,1
whales,1
doesn,3
forbidding,1
wrote,1
vincenza,1
wmtxyzlrnbbdc,1
corctly,1
volume,1
beneficiary,1
ydcggqe,1
izczveczabjf,1
sanicle,1
coleman,1
tucson,1
damon,1
softwa],1
technical,1
l?bor?ry,1
signatuappointee,1
codigos,1
softwa?,1
softwa=,1
agencies,1
slen,1
agra,1
family,4
wance,1
gift,2
copyright,2
lawncium,1
eagan,1
laotian,1
darialprilosec,3
3000,1
pillory,1
dcenter,3
luxuriant,1
jane,1
similar,3
partnership,1
nax,3
anyhow,1
zkyoyt,1
evelyn,1
thousands,4
nbc,1
opiate,1
bewail,1
driven,1
iwgrbq,1
against,1
catkin,1
pdictions,1
jcqartmq,1
mississippian,1
aback,1
holiday,1
andes,1
encourage,1
abact,1
ampebryozoa,1
viagra,9
fffffstrongfont,3
assud,1
dzqqweislzqhydui,1
pictus,1
gnwuuf,1
hellfwo,1
iona,2
bushes,1
benedictine,1
amade,2
francisco,2
deferring,1
eyesight,1
honor,1
gestapo,1
nea,1
blomberg,1
nosebag,1
pages,2
darialfont,3
belate,1
pskzm,1
net,6
cable,1
lossee,1
intense,1
new,15
dichomous,1
juggle,1
elmhurst,1
bluster,1
ffff,3
oamom,1
honod,1
boucher,1
sexuial,1
cannment,1
boundary,3
magenta,1
anaesthesiology,1
posicionar,1
mgztjvpoy,1
media,3
around,4
joyous,1
gill,1
pesos,1
pigpen,1
stimulation,1
haven,2
yilhxmdmvow,1
rurgpybymezx,1
decides,1
employment,1
uncollectedmoney,1
ignoble,1
super,6
risks,1
estuary,1
engage,1
adroit,1
feman,2
frivolity,2
connally,1
ufthgwjr,1
surjective,1
risky,1
developments,1
hotmail,1
grovel,1
nic,2
birthright,1
dortmund,1
gestalt,1
grandes,1
professional,4
securities,2
singsong,1
decided,1
locally,1
nim,1
brooli,1
builds,1
aording,3
implausible,1
fully,4
cheers,2
models,1
dining,1
heany,1
lange,1
congenital,1
baird,1
intestcdit,1
invesrs,2
dissipate,1
deserved,1
iowa,1
meliorate,1
maybe,3
lugsail,1
students,1
heand,1
advertisement,2
ripe,1
aspirin,1
protested,2
hysteron,1
suchas,1
pcession,1
bliss,1
beches,1
persuade,1
gion,1
lincoln,1
absolute,1
confrontational,1
gurgitate,1
supported,1
slur,1
didactic,1
documents,1
jazz,1
drool,1
philip,1
boast,1
migrary,1
rwopuwy,1
imagine,2
attractive,1
cater,1
cates,1
galis,1
dtqmtbst,1
girl,1
imaging,2
whatever,1
drone,1
backorder,1
despondent,1
color,3
hidden,2
nearly,3
multilevel,1
intrude,1
appciated,1
cowherd,1
non,5
paliourg,4
not,36
drops,1
cohent,1
now,25
headaches,3
delivery,8
xerox?ffffae,1
conquer,1
concision,1
foveryourhost,2
pharmaceuticals,1
what,11
risk,4
softwa,2
suession,1
colin,1
travertine,1
subsidy,1
when,10
babysit,1
excluded,1
catch,2
financially,1
citadel,1
give,6
liven,1
lives,1
consequential,1
butck,1
imbue,1
qxqnyk,1
kean,1
moattractive,1
martini,1
logarithm,1
trojans,1
grandpa,1
enabled,1
acumen,1
abate,1
yerden,1
amass,1
enables,1
emblematic,1
janeiro,1
cladophora,1
wrong,2
bsxbta,1
buteo,1
flail,1
condescendnieces,1
himalayas,1
bolometer,1
helvetica,3
organization,2
width,3
oranjestad,1
pussies,1
andws,1
scked,1
discezet,1
certain,2
board,2
levels,1
used,3
letting,1
otherwise,3
crump,1
ipaq,1
fnytqua,1
solely,1
market,5
effects,1
superoscillate,1
keep,8
eagle,1
wytal,1
osteopathic,1
nwa,1
ptty,1
electrolyte,1
uben,1
schoolteacher,1
handbook,1
deranging,1
globally,1
launder,1
endurance,1
sonat,2
farcical,1
alone,1
along,2
fungus,1
fbkhdoze,1
inert,1
blunder,1
designed,1
harley,1
desperado,1
handful,1
approaches,1
thanking,1
contained,2
aloof,1
fargo,1
user,1
approx,2
crosswort,1
culpa,1
yhxbcr,1
butchery,1
bring,1
equity,1
acquiescent,1
a�o,1
buaus,1
soignee,1
psented,1
marinade,1
carve,1
weyou,1
canyon,1
ayou,4
steven,1
turning,1
submissions,1
jobgalleriescom,1
competitive,1
ordering,9
sepoy,1
yflstjazq,1
kemp,1
coding,1
search,6
communications,1
knick,1
ykqkwkzkcvwulamw,1
turnkeyim,1
ventucontradict,1
disclaimer,2
humanity,1
sh?pp?ng,1
dtbjzimy,1
baptismal,1
magne,1
elemjds,1
bordello,1
alternate,1
noisemake,1
deleted,1
mekong,1
foign,1
decipher,1
essential,1
conveyor,1
furnace,1
duplicity,1
emerson,1
argonne,1
gu?r?ntee,1
exclamary,1
dominick,1
meaningful,1
generosity,1
vene,1
japanese,1
aexpected,1
millsne,1
exclude,1
burry,1
councilwomen,1
deduct,1
image,3
burtt,1
pallid,1
weekdays,1
trongdidx,3
browsers,1
carry,3
fdericksburg,1
arose,1
necessity,1
buxtehude,1
frame,2
anymolimited,1
psents,2
ventu,1
clasp,1
promoci?n,1
tiene,1
deduce,1
trouble,1
guiana,1
class,5
dugout,1
amputee,1
befowe,1
somia,2
clara,1
fderick,2
councilwoman,1
biota,1
pesticide,1
kept,1
fdericn,1
sultin,1
perpetuity,1
management,2
liurs,1
significantly,1
very,13
practice,2
decade,1
beheld,1
ventus,1
zdzjpdep,1
ninefold,1
ocd,3
astronaut,1
pdas,1
william,1
3113,1
zmbjmlaytgboz,1
clamp,1
encouraging,1
sextillion,1
bakery,1
giris,1
literally,1
lower,1
termin,2
commercials,1
metal,1
index,3
jaime,1
carne,1
odd,3
psently,1
traditional,1
mononous,1
mitral,1
pntermi,1
wider,1
npenae,1
ffffffstro,3
turned,1
widen,1
moconveniently,1
lexicography,1
library,2
windowsill,1
tjeoupoutdlqdteo,1
ethnology,1
theophilus,1
finland,1
seemed,3
possemen,1
off,12
dungeon,1
armonk,1
eyelet,1
ofo,1
sexaffair,1
complete,2
transaction,2
burke,1
otcbb,2
coax,1
abeyond,1
incasing,1
marshal,1
calorimeter,1
claim,1
zoqilatmjw,1
codigo,1
months,3
lance,1
astrophysics,1
follows,1
diagnosis,1
schematic,1
malibu,1
dace,1
centrist,1
editar,1
newark,1
code,3
ujvkuqu,1
passionate,1
coda,1
chordata,1
zbdjvgn,1
oil,3
consejos,1
fight,1
allows,1
determine,1
aountsyndicate,1
appendices,1
anderson,1
leftmargin,3
0919,1
purview,1
equiv,3
phoenix,1
cock,1
oztvj,1
goatherd,1
province,2
engines,1
pupal,1
estimate,1
anselmo,1
noel,1
v?oxx,1
mountainside,1
proposal,1
old,1
nodw,1
synergistic,1
cating,1
node,1
ols,3
vhwob,1
starting,2
softwais,1
oma,2
lifelong,1
extracr,1
kenya,1
offline,1
variety,1
pump,1
mohawk,1
fights,1
one,16
heuristic,1
coursesoffers,1
puma,1
diffence,1
brlwsvy,1
pull,1
ont,3
buying,2
dealer,2
assist,3
materially,1
country,5
cochlea,1
rosen,1
ourring,1
dicrs,1
carolyn,1
daln,1
amazing,2
postcard,1
ascomycetes,1
noir,1
aintested,1
details,5
naissance,1
epidemic,1
opt,3
extract,1
harriet,1
orkv,1
teleprocessing,1
wyatt,1
support,4
edna,1
deceive,1
locating,3
drop,1
shaped,1
tamera,1
ruffian,1
dams,2
life,9
damp,2
ventu.,1
honey,1
lies,1
colt,1
dana,1
cases,2
wide,7
daly,1
org,4
radiogram,1
wqqgin,1
trivia,1
dicry,2
location,1
proportions,1
anthony,1
fatnrb,1
arunning,1
flonetwork,1
conn,1
ecosystem,1
competition,1
conf,1
none,2
cone,2
closing,1
problem,4
hazard,1
spped,1
candlelitlic,1
como,1
method,3
ominous,1
profitable,2
come,7
eyelash,1
dealon,2
coma,1
nationwide,1
ajyjk,1
sexual,3
nope,1
depositary,3
uwsinpvg,1
distribution,2
our,38
confocal,1
out,18
cabal,1
downtnd,1
divisor,1
afully,1
decase,2
posicionarlo,1
dari,3
fatality,1
copy,2
ove,1
cool,1
cashiers,1
vfer,1
amazed,1
puts,1
ethane,1
clearheaded,1
valorisation,1
edible,1
insecurity,1
owe,1
asset,1
minimum,1
imprimatur,1
coot,1
date,5
eincy,1
magic,1
grizzly,1
corp,1
data,3
own,7
coro,1
drum,1
xbirx,1
buckhorn,1
norm,1
drug,1
healthcaprofessionals,1
argentina,1
distributing,1
profiled,1
publishers,1
insincechew,1
development,1
like,11
gvppst,1
soggier,1
brisl,1
profiles,1
dnavy,3
icebox,1
cord,1
efforts,1
blob,1
proposed,3
deceing,1
fraud,2
boxing,1
britches,1
tncrx,1
embassy,1
ground,1
moppq,1
extmis,1
elliptic,1
eminem,1
satws,1
note,7
abridge,1
line,6
cenozoic,1
link,11
intends,1
orographic,1
kolay,1
univercity,1
inverse,2
cost,8
aims,1
will,29
fishing,1
confidence,1
allowing,1
aine,1
tuesday,2
hearse,1
compliance,5
snap,1
flatwaisfahan,1
aploproved,1
your,54
scenic,1
these,11
deviations,1
admwkm,1
intested,3
aunomic,1
investing,3
prison,1
rifpmygqp,1
p?x?l,1
nova,1
barracks,1
baker,2
analysis,1
lion,1
honeycomb,1
omaha,1
ewing,2
psionando,1
leisutime,1
wine,1
humble,1
arrives,1
flight,1
eraser,1
independent,1
achieve,3
ahead,1
yellow,1
callahan,1
talking,2
blum,1
hegelian,1
merciful,1
ujvts,1
licensed,5
chwpeumts,1
kernel,1
incibles,1
millinery,2
excavate,1
fayvcfk,1
component,2
ambdien,1
beckley,1
days,11
awomen,1
combined,1
faces,1
snes,1
dearborn,1
liberal,1
coneaster,1
coddingn,1
kerry,1
conjectuberiberi,1
adios,1
wish,4
miami,1
artisanbooksdockyard,1
pad,1
ridia,2
homestead,1
exceed,2
theof,1
pan,1
claimant,1
infotainment,1
adipe,1
invitation,1
pay,14
determinate,1
enormous,1
list,13
nerissa,1
claims,1
folks,1
irgular,1
straddle,1
sweetish,1
germany,1
blutwurst,1
starvation,1
producing,1
pcg,1
buzzword,1
gistrar,1
live,5
studebaker,1
coffer,1
unawas,1
slaughterhouse,1
lium,2
perform,1
groin,1
shrugging,1
fencepost,1
colorado,2
with,38
amended,1
pdf,1
furtherance,1
bowstring,1
service,8
folio,1
perian,1
dimple,1
befo6,1
fiwall,1
emissivity,1
shilped,1
american,3
desido,1
unpaid,1
expecially,1
plied,1
concise,1
pen,1
hurray,1
per,9
aconsided,1
pet,1
pex,2
africa,1
lexical,1
proceed,1
vicoidin,1
pfence,1
spears,1
l?m?ted,1
ever,6
even,6
auracy,2
integration,1
schultz,1
anaplasmosis,2
calliope,1
snos,1
hubbub,1
avuncular,1
personalization,1
archangel,1
tbzxlsdn,1
imprison,1
pgp,3
lineal,1
ading,4
4589,1
persecute,1
dbbl,1
foley,1
bought,1
helmut,1
pha,1
cscent,1
agave,1
ecole,1
php,2
pompeu,1
moloch,1
chide,1
gnduxdhcpqnnmfhh,1
banamex,1
pid,1
judgment,1
blankfont,3
desiin,1
members,3
guarantees,2
verification,2
buurn,1
everyone,1
fondle,1
guaranteed,3
vkzvsek,1
rongfont,3
girlfriend,1
clinical,2
durham,1
locate,2
prisoner,1
acautioned,1
pragmatist,1
ventuwith,1
design,2
friday,1
working,3
victim,1
ounwjjeis,1
department,2
incantation,1
plc,1
chief,1
satisfying,1
citywide,1
followed,2
guarmantee,1
burning,1
jessica,1
fantastic,1
approximable,1
cilia,1
ply,6
bmed,1
adolphus,1
payne,1
ajax,1
mobil,1
emigrant,1
yucupj,1
liberty,1
confidential,1
lacerta,1
anthropology,2
dlcall,3
ffffffstron,3
pusey,1
hothead,1
compounded,1
puckish,1
cecilia,2
commendation,2
marketeer,1
pob,1
peni,1
gistrarte,1
epistle,1
a18,1
kochab,1
dyapex,1
giving,2
scrutiny,1
facts,3
proust,1
posicion,1
homozygous,1
bghqvn,1
deluxe,1
por,1
kqyrtmp,1
olcqecxvhlsdtfvk,1
jmason,1
penh,1
eigenstate,1
lqyvpf,1
clairvoyant,1
seekers,2
desiit,1
standing,3
gunnison,1
ppv,1
lopger,1
mensaje,1
leitmotif,1
facrs,1
juan,1
portrayal,1
leitmotiv,1
canopy,1
incite,1
isomorphic,1
continue,3
beryllium,1
offers,5
given,1
marathon,1
ascription,1
pastime,1
superviagra,1
genish,1
bullhead,1
burmese,1
cryptanalyze,1
pro,4
intrinsic,1
klvvg,1
segovia,1
vzurdnptkoauc,1
congeal,1
9428,1
disgustful,1
suwhat,1
psn,1
anything,7
generjc,1
pst,1
pss,4
ferring,1
sponse,2
psy,1
perk,1
rtuous,1
zimbabwe,1
airfield,1
gravely,1
fricative,1
generic,8
cardiology,1
bikahflb,1
ruqaeven,1
quotation,2
pricing,1
pincushion,1
program,3
put,1
circlet,1
sciatica,1
identified,2
tram,8
subscribers,1
baptism,1
heritage,1
light,1
valuable,2
infection,1
ponderous,1
pvent,1
methods,1
olmwro,1
emigrate,1
elite,1
crimson,1
dictly,5
grown,1
marginheight,3
clicking,1
dhttp,3
miranda,1
pxy,1
anothing,1
aprovecha,1
cravat,1
controllable,1
astrophysicist,1
choice,4
travel,2
pwwiebpi,1
desolater,1
consided,3
widill,1
major,5
worldwide,4
funds,3
group,4
coworker,1
tack,2
gross,1
workshop,1
archive,1
cornbad,1
bgcolor,3
animosity,1
absolutely,2
notebooks,1
eggious,1
shutdown,1
altitude,1
classify,1
insurmountable,1
theis,4
their,11
sacrosanct,1
percent,3
general,1
september,1
hisgram,1
catssuper,1
padding,1
facil,1
process,1
audiry,1
nostalgic,1
eighth,1
encounter,1
soda,1
uzengqdvks,1
chive,1
praiseworthy,1
ginald,1
listed,3
glad,1
encounted,1
demountable,1
fruehauf,1
ashland,1
phlox,1
supranational,1
r?w,1
conqueror,1
hangover,1
diligence,1
rmaceuticals,1
fias,1
oxalate,1
jump,1
soft,1
happen,1
july,1
ajmgdmeoyzgtnnivq,1
mucho,1
trying,1
millions,6
soer,1
borneo,1
hydroxy,1
bottle,2
solidify,1
originating,3
tfont,3
boatyard,1
capability,1
involvement,1
kryuzw,1
tail,2
emotional,3
noticeable,1
darialprozac,3
aexact,1
depssor,1
buchenwald,1
juno,1
hwkprqb,1
compete,2
fontbr,3
sexuail,1
diocesan,1
kaolinite,1
genuric,1
hold,3
cieved,1
chinese,3
prior,6
gitrth,1
dianic,1
algerian,1
forigner,1
talk,1
tall,1
dieet,1
vault,1
blowout,1
train,1
bellwether,1
planet,1
2001,1
2000,4
planes,1
fide,1
blowup,1
take,13
lenwght,1
soim,1
assort,1
some,7
hinge,1
osborn,1
soma,3
blanks,2
purchasing,1
decertify,1
additional,4
iaot,1
hone,1
butyl,1
movlve,1
2004,9
2002,3
diego,1
passed,1
just,13
owner,1
sole,2
coneflower,1
sold,2
patrolman,1
artemis,1
jury,1
cwcut,1
solo,1
strictly,2
insomnia,3
home,10
hypnosis,2
mooligarchic,1
existing,1
overn�ght,1
print,3
cavern,1
owned,1
huyftr,1
phonon,1
explain,1
effo,1
royalty,1
hope,6
effg,1
soon,4
executive,2
sony,2
lacerate,1
pserved,1
bookbind,1
unicamente,1
loading,2
heavy,3
puedan,1
epistemology,1
flooringssalaam,1
honk,1
sona,1
impede,1
concessionaicancerous,1
machinery,1
eventide,1
anvil,1
hooso,1
catlike,1
gloria,1
cochineal,1
robert,1
buchanan,1
file,2
catus,1
member,3
affirmative,1
within,5
health,6
amber,1
positive,2
favourite,1
agents,1
citratet,1
bistate,1
caldwell,1
simpliest,1
machine,1
inoperable,1
qjw,1
specialize,1
afinding,1
scrimmage,1
wheelingsdownstam,1
farber,1
deird,1
tbcej,1
serve,3
seraphim,1
dieting,1
confused,1
expiable,1
cemonial,1
eentric,1
find,5
adhes,1
host,3
backward,1
tats,3
servo,1
sylow,1
drove,1
seriously,1
fill,4
experiences,1
gratuius,1
heart,2
glom,1
horn,1
convenient,4
infer,1
true,3
adolescent,1
handcuff,1
glow,1
since,9
eastwood,2
canoga,2
blanch,1
certificate,1
phones,1
delete,1
sideeffects,1
bluebill,1
magazines,1
heard,1
experienced,1
processes,1
vfcby,1
edelweiss,1
gtted,1
bnda,1
extraordinary,1
complicate,1
dihysjapnpoi,1
cellspacing,3
online,20
dsays,1
writer,1
writes,1
armament,1
sailboat,1
programa,1
giddy,1
firm,3
contribution,1
adventitious,1
doomsday,1
agement,2
howe,1
dtext,3
convocate,1
otle,1
tkbpqmi,1
howl,1
declad,2
apaying,1
undiscoved,1
aadjacent,1
heptane,1
processing,1
programs,1
kidnapped,1
professionalism,1
cyclotron,1
prominent,1
jewel,1
collecting,1
neribhc,1
paxil,2
hoyt,1
adieu,1
unless,1
excess,3
ought,1
people,12
tzbortly,1
fisk,1
insistent,1
rlud,1
lactam,1
obduracy,1
inside,1
mainly,1
probate,1
compa,1
qllqoozdiqgnbh,1
five,2
ethnography,1
leaven,1
collection,1
pagos,1
diett,1
hermann,1
gelable,1
channels,1
slept,1
campaign,1
fabra,1
conflict,1
que,1
loudly,1
crantexle,1
update,2
assistance,1
commerce,1
hxckqcpyd,1
hymen,1
wants,2
moron,1
every,9
colgate,1
hierarchic,1
lckrwtrq,1
again,7
qytxmmralrvnsc,1
hecate,1
octal,1
fable,1
during,5
consist,1
maiil,1
price,10
isymcr,1
albuquerque,1
sintimacy,1
cacophonist,1
imagination,1
itself,2
anyone,5
dcontent,3
favorite,1
broadcast,2
spain,1
therxshop,1
pascal,1
christensen,1
diets,1
sheriff,2
isopic,1
roflffqg,1
oxhcesza,1
dlnbsp,3
purcghases,1
event,1
mutandis,1
fayette,1
agency,1
xnow,1
caused,1
axiology,1
moinformation,6
rattling,1
softwaallows,1
appian,1
alluvial,2
damaged,1
cannot,3
spam,6
mnsufatihsfcsied,1
checkpoint,1
fanfacommando,1
abigail,1
ighadqo,1
chamber,1
contacting,1
ciablis,1
biceps,1
extraterstrial,1
published,2
decoder,1
dichomize,1
disciple,1
arbiter,1
endvxsl,1
airlift,2
newscast,1
publisher,1
shipxping,1
wlisrwxm,1
serge,1
acerbic,1
ppafor,2
arthur,1
momenta,1
donnelly,1
ansmtp,1
statements,2
stricted,1
holding,2
trace,1
moments,2
public,2
mescal,1
clubs,1
track,1
cusearch,1
hesee,1
charging,1
jelubvalzlhzdxczku,1
sisters,1
expensive,2
trade,1
bancomer,1
round,2
ciamlis,1
orono,1
normally,1
germinal,1
cattail,2
arual,1
keneric,1
moval,5
building,1
dysplasia,1
pictubook,1
quote,4
ctaceous,2
jemy,1
corinthian,1
ral,1
ran,1
ram,1
espacio,1
navigate,1
appendix,1
fontf,3
lnnyzfclj,1
ray,1
packages,1
aruba,1
cultural,1
exam,1
amountwithin,1
rklng,1
institute,1
fourier,1
hehttp,1
hobby,1
psione,1
convergent,1
foursquapuppyish,1
dollar,2
aas,2
cupidity,2
aspect,1
targeted,2
ections,1
viangra,1
egan,1
baneful,1
mitigate,1
fanciful,1
womans,1
textual,1
elsewheobservation,1
sherwin,1
maxine,1
spit,1
us?ng,1
scour,1
advisement,1
couple,1
jerk,1
ach,4
moved,5
fckle,1
acs,1
act,4
asnishing,1
yearbook,1
morrow,2
duce,3
codpiece,1
gifts,1
swift,1
add,2
rovieud,1
propitious,1
helpless,1
ado,1
notary,1
bondsmen,1
addsses,3
ady,2
escapee,1
p?ck?g?ng,1
addssee,1
exchange,1
levant,1
contiguous,1
texaco,1
trust,1
puddle,1
whethe,2
adamson,1
aen,1
columnar,1
omplla,1
sorry,2
bacillus,1
jutish,1
afe,3
embrace,1
persqcriptsion,1
ghastly,1
jess,1
label,1
message,12
crap,2
micro,2
aditation,1
crag,1
age,3
janirial,1
aesthetic,1
medallion,1
inductance,1
theopilus,1
movie,1
ago,4
faulty,1
rid,2
apromoting,1
defecr,1
ric,2
years,5
carbohydrate,1
ejecr,1
disappointment,2
ril,1
anywhein,1
businesses,2
hugging,1
ahg,1
aumat,1
ahk,1
huggins,1
modiffuse,1
duet,2
hairy,1
exit,3
system,7
desmond,1
mighty,1
chungking,1
other,11
aim,2
boca,1
ain,2
armata,1
aiw,1
electronic,2
firstly,1
vacation,2
unsolicited,1
cady,1
usaxw,1
cacm,1
circumspect,1
universitat,1
emnks,1
boat,1
bedspad,1
cylindric,1
dehydrate,1
fddino,1
amoeba,1
descant,1
rlz,1
vkiagra,1
donald,1
glove,1
dicotyledon,1
odin,2
implementer,1
body,6
wesignificantly,1
mode,1
cotman,1
commissions,1
thames,1
geopolitic,1
insect,2
iwltiuxwyluyupn,1
rmv,1
fatima,1
all,38
always,3
caer,2
quietbadbox,1
discet,3
vicria,1
rnd,5
conducted,1
ama,1
amb,2
infract,1
disgard,1
postal,2
bogging,2
ponchartrain,1
tjncv,1
inequitable,1
rob,3
hiring,1
amp,3
equipped,1
duma,1
ron,1
bogy,1
rom,1
rop,1
weiight,1
basalt,1
ror,1
and,69
inattention,1
jacqueline,1
ani,1
cial�s,1
ocxfmztg,1
crib,1
digitalisation,1
any,23
analogy,2
seedbed,1
compilation,1
geronlogy,1
communicated,1
until,2
kqqcqcqcgsaad,1
dull,1
nesip,1
bricklayer,1
potency,1
thought,3
foods,2
taste,1
gambling,1
maximize,1
mothan,4
cleavage,1
biddable,1
english,2
inferring,1
app,1
lightning,1
wheerhc,1
margin,1
capsne,1
dune,1
fasster,1
chassis,1
ciayis,1
viag,1
000,12
cataker,1
warranties,1
cationic,1
rumple,1
pathetic,1
?nd,1
grade,1
architectus,1
cockao,1
choices,1
mound,1
eddie,1
daydam,1
fedders,1
impotent,1
matching,1
discus,1
came,2
broader,1
we?ght,1
art,1
esteem,1
enviable,1
curly,1
icarus,1
intendant,1
dupe,2
holder,1
bowen,1
consult?t?on,1
abraham,1
call,6
speculative,2
ownership,1
partners,1
ash,2
ask,6
stalks,1
aso,2
gustavus,1
rub,1
asp,2
through,8
ass,1
anyways,2
becoming,1
dusk,1
offices,3
bookend,1
arrack,1
run,2
bomb,1
ata,1
033,3
rut,1
rus,1
mother,1
mouse,1
view,4
molo,1
yourself,9
atn,1
adwaout,1
newest,1
bonanza,2
holland,1
flashy,1
bold,1
admiral,1
camp,3
044,1
aug,2
auk,1
smalltimedecadence,1
mosect,1
name,9
alis,1
pholysis,1
crow,1
larry,1
benefits,1
?rt,1
allo,1
fisiafdculzgpdlnczbha,1
mood,1
boom,1
mooa,1
book,2
edition,2
moof,1
generating,1
fasciculate,1
mono,1
ave,1
alma,2
ambrose,1
enhaxncement,1
ally,4
ainfected,1
n?me,1
simper,1
diphtheria,1
analogous,1
phenylalanine,1
demonstrable,1
inforces,1
debentulimerick,1
bezel,1
target,4
editing,1
moo.,1
giants,1
jyzbbyslbu,1
labyrinth,2
moms,1
cape,1
hisomeone,1
lignum,1
modeling,1
commotion,1
developers,1
usage,1
xwmiwwjwwahawuycq,1
negotiable,1
cart,2
carbine,1
cupertino,1
modus,1
copra,1
truly,1
cash,5
case,2
item,1
gannett,1
primeras,1
xboch,1
appciate,1
indexed,1
depssed,1
moon,1
phone,6
excessive,1
explor,1
declagalvanometer,1
qxvfiwktpqidy,1
armada,1
card,3
participation,1
alistair,1
boss,2
inhent,2
alps,1
bosn,1
ogano,1
pattern,1
exercise,4
hundds,2
nata,4
indoctrinate,1
neast,1
fvfkyyxri,1
demon,2
cockpit,1
cate,1
jzzlitrj,1
born,2
lackadaisic,1
orchis,1
diffently,1
sallow,1
thepillsbrand,1
astringent,2
aggravate,1
buynow,1
nasd,1
rztxwnn,1
alow,1
bidding,1
navy,1
simple,7
?v??l?ble,1
conf?dent??l,1
babysitter,1
talent,1
percentage,1
tubule,1
cagey,1
sevelevels,3
factual,1
described,1
mote,1
mjgtkjt,1
tllfrw,1
unsub,1
package,1
cave,1
kind,4
traces,1
botm,3
comorsend,1
both,7
most,17
multitudinous,1
transfer,6
cosine,1
diversion,1
speedwell,1
troactive,1
ofertas,1
pozklft,1
bowl,1
database,2
sag,1
mentioned,1
profit,2
covary,1
scriptu,1
san,2
move,6
amount,3
procrustean,1
personalmente,1
aparticularly,1
saw,1
also,10
say,2
enough,3
feudal,1
wuitqba,1
acurntly,1
compounding,1
ddwmog,1
favor,2
3500,1
gigabit,1
bhadra,1
latter,1
simply,8
3506,1
dixon,1
bad,2
sqfvz,1
dleftfont,3
juvenate,1
awake,2
bak,1
ban,1
squint,1
draft,2
sck,3
ingdient,1
bay,1
secua,1
secud,1
scw,1
personal,5
angry,1
alum,1
angst,1
globe,1
submitted,1
aaron,1
pinehurst,1
higgins,1
mexds,1
l?p?r,1
neophyte,1
strong,4
bachelors,1
deal,3
abuse,1
zybvan,1
affect,1
dead,1
proven,5
timberland,1
eyes,1
sec,2
see,14
advertisements,1
inward,1
dear,5
sen,1
omission,1
crummy,1
categoric,1
effortless,1
set,4
joined,1
sex,5
barney,1
wejust,1
riucyotpg,1
awesome,1
agtci,1
visa,2
bdx,1
tcmm,1
river,1
hufgchzahaaxiss,1
riven,1
evansn,1
bed,2
deck,1
mrbumzeo,1
dece,1
bet,1
shipping,8
france,2
diners,1
liitle,1
typically,1
financed,1
khjwvtzv,1
she,2
dubitable,1
susan,1
2234,1
transfuse,1
combinate,1
feller,1
debt,2
little,8
debr,1
fluff,1
cursor,1
deep,9
humane,1
ruhate,1
protuberant,1
capable,2
parade,1
kymoa,1
tttl,2
emb?r?ssment,1
getting,5
vintner,1
jersey,1
ghgczr,1
await,1
sin,1
sis,2
sir,4
transpant,1
conversion,1
over,13
bhi,1
sponda,1
living,1
siz,3
valium,4
bound,1
stngthen,1
inimical,1
wruvfsfgjemdxfnna,1
baldy,1
hayward,1
pyramid,1
setup,2
avoid,3
bid,1
big,1
select,2
failualtruist,1
pvalent,1
thankful,1
bin,1
leopold,1
scocard,1
invoke,1
bit,4
upgrades,1
thanks,7
improved,2
irishman,1
biz,5
adenoma,1
voothoov,1
alated,1
model,1
serifstrongdon,3
alady,4
hashish,1
large,2
satisfied,2
slb,1
gibraltar,1
czarina,1
bough,1
dege,3
pobox,1
practitioners,1
cachalot,1
pictuabove,1
closeup,1
crotchety,1
macinsh,1
defy,1
begin,3
mopaying,1
sizable,1
paragraph,3
sly,1
cadaverous,1
achange,2
weekend,4
prophet,1
honoraria,1
indochinese,1
crisscross,1
noodle,1
isekrtt,1
deje,1
eulerian,1
satisfies,1
deja,1
viewed,1
immigrant,1
agoing,1
dixie,1
ambi,3
table,4
bli,1
change,4
printable,3
perscription,1
stndkcy,1
multimedia,1
universit?t,1
polygon,1
corporate,2
infatuate,1
?ngd?ents,1
palmsgeyser,1
fontfon,3
awhewe,1
several,2
office,4
northern,1
anger,1
som,5
stands,1
ecpic,1
huber,1
son,1
potable,1
furrowed,1
enjoinder,1
susie,1
longstanding,1
brainard,1
synapse,1
disclosu.,1
priced,1
bod,2
mpeg,1
dlatbukwvlkcg,3
brnnpb,1
impelling,1
behind,2
bop,1
rundown,1
neric,1
box,4
inductee,1
installing,1
boy,1
prices,8
beachhead,1
highly,3
facial,1
technic,1
chance,1
hexameter,1
proviso,1
medication,5
100,14
amex,1
dormant,1
incment,1
106,1
amen,1
cotillion,1
handler,3
seccy,1
county,2
animate,1
mixmpihydnnmoxzin,1
bra,1
catcall,2
guile,1
horrible,1
friend,1
119,1
drawn,1
haiku,1
softwapackage,1
bro,1
ached,1
dezbdwqqv,1
fshmen,1
morning,1
120,1
secondary,1
123,1
126,1
veals,1
conditions,1
zdrqcrkibb,1
sub,1
sue,1
sum,2
delve,1
ports,3
sun,2
sup,2
sus,1
derm,1
democrat,1
139,1
actively,1
dering,1
civilian,1
incense,1
achgh,1
btu,1
manager,2
psychoanalyst,1
makes,2
duplicable,1
burglarproof,1
dept,1
honoring,1
143,3
sinter,1
libertyfunds,1
lowland,1
149,1
gunflint,1
but,16
deta,1
bus,3
symbol,1
augustan,1
bravura,1
buy,13
garnet,1
ornamentsthese,1
instantly,2
asorry,1
rands,1
written,1
wishes,1
generate,1
f?rst,1
mosponses,1
bvy,1
dealers,1
valign,3
anymo.,1
disembowel,1
164,1
ripple,1
desk,3
thea890,1
desi,1
forsakingdenting,1
8459,1
horny,1
hemisphecomase,1
electt,1
higher,1
doing,1
xanaix,1
170,1
throng,1
gonzalez,2
179,1
proprietary,1
intercalate,1
backing,1
buscados,1
normal,1
incased,3
camille,1
voltage,1
bye,2
flute,1
cindy,1
incases,1
nexium,1
advertise,2
tested,1
potent,1
cognate,1
ackerman,1
physicians,4
postmarked,1
scriptus,1
guide,2
protrusion,1
protactinium,1
goal,2
natural,2
baseline,1
cathodic,1
navel,1
mooften,1
pervasive,1
midwestern,1
idia,1
flag,1
james,2
languid,1
artik,1
range,1
rock,1
andesine,1
flaw,1
winnetka,1
flak,1
della,1
filter,1
intimater,1
submission,1
counterman,1
delilah,1
bluegill,1
growing,1
whever,1
cologne,1
conspicuous,1
verse,1
tal,2
notebook,1
bitch,2
goer,1
goes,1
tax,1
wraps,1
lovers,1
pamlifii,1
barbaric,1
jamie,1
chances,1
filet,1
safe,3
flung,1
files,1
herself,1
tbo,2
checkmate,1
handshake,1
cal,1
can,27
projected,1
hair,1
cap,4
award,1
car,1
flew,1
cat,2
bingham,1
said,2
smooth,1
ultimatum,1
illustrious,1
heapelyst,1
february,3
aentual,1
shujaat,1
ffffffst,3
maladroit,1
antisemite,1
qxpgqmrv,1
interptation,2
carries,2
cbs,1
gener?c,1
category,1
delhi,1
rival,1
